{"stats":{"minecraft:picked_up":{"minecraft:stick":12,"minecraft:cactus":1,"minecraft:rabbit":1,"minecraft:sugar_cane":9},"minecraft:custom":{"minecraft:jump":402,"minecraft:time_since_rest":9075,"minecraft:damage_dealt":10,"minecraft:damage_taken":10,"minecraft:walk_on_water_one_cm":1225,"minecraft:sprint_one_cm":29397,"minecraft:play_time":9075,"minecraft:time_since_death":9075,"minecraft:walk_one_cm":37831,"minecraft:sneak_time":13,"minecraft:total_world_time":9075,"minecraft:walk_under_water_one_cm":2909,"minecraft:swim_one_cm":1129,"minecraft:fall_one_cm":15756,"minecraft:fly_one_cm":112348},"minecraft:used":{"minecraft:rabbit":1},"minecraft:mined":{"minecraft:cactus":1,"minecraft:sugar_cane":4,"minecraft:dead_bush":12}},"DataVersion":3465}