{"stats":{"minecraft:picked_up":{"minecraft:stick":23,"minecraft:rabbit_hide":1,"minecraft:rabbit":7,"minecraft:rabbit_foot":1},"minecraft:killed":{"minecraft:rabbit":7},"minecraft:custom":{"minecraft:time_since_rest":10432,"minecraft:crouch_one_cm":50,"minecraft:sprint_one_cm":87134,"minecraft:play_time":10432,"minecraft:damage_taken":10,"minecraft:walk_one_cm":25993,"minecraft:sneak_time":5,"minecraft:walk_under_water_one_cm":110,"minecraft:mob_kills":7,"minecraft:drop":2,"minecraft:jump":293,"minecraft:damage_dealt":200,"minecraft:leave_game":1,"minecraft:time_since_death":10432,"minecraft:walk_on_water_one_cm":2101,"minecraft:total_world_time":10432,"minecraft:fall_one_cm":7725,"minecraft:fly_one_cm":77578},"minecraft:dropped":{"minecraft:rabbit":1,"minecraft:stick":1},"minecraft:used":{"minecraft:rabbit":4},"minecraft:mined":{"minecraft:dead_bush":28}},"DataVersion":3465}